-- phpMyAdmin SQL Dump
-- version 4.4.10
-- http://www.phpmyadmin.net
--
-- Client :  localhost:8889
-- Généré le :  Ven 15 Juin 2018 à 14:16
-- Version du serveur :  5.5.42
-- Version de PHP :  7.0.0

SET SQL_MODE = "NO_AUTO_VALUE_ON_ZERO";
SET time_zone = "+00:00";


/*!40101 SET @OLD_CHARACTER_SET_CLIENT=@@CHARACTER_SET_CLIENT */;
/*!40101 SET @OLD_CHARACTER_SET_RESULTS=@@CHARACTER_SET_RESULTS */;
/*!40101 SET @OLD_COLLATION_CONNECTION=@@COLLATION_CONNECTION */;
/*!40101 SET NAMES utf8mb4 */;

--
-- Base de données :  `pokedex`
--

-- --------------------------------------------------------

--
-- Structure de la table `pokemon`
--

CREATE TABLE `pokemon` (
  `id` int(11) NOT NULL,
  `ref` varchar(11) COLLATE utf8_bin DEFAULT NULL,
  `nom` varchar(255) COLLATE utf8_bin DEFAULT NULL,
  `total` varchar(255) COLLATE utf8_bin DEFAULT NULL,
  `hp` varchar(255) COLLATE utf8_bin DEFAULT NULL,
  `attack` varchar(255) COLLATE utf8_bin DEFAULT NULL,
  `defense` varchar(255) COLLATE utf8_bin DEFAULT NULL,
  `sp_atk` varchar(255) COLLATE utf8_bin DEFAULT NULL,
  `sp_def` varchar(255) COLLATE utf8_bin DEFAULT NULL,
  `speed` varchar(255) COLLATE utf8_bin DEFAULT NULL
) ENGINE=InnoDB AUTO_INCREMENT=919 DEFAULT CHARSET=utf8 COLLATE=utf8_bin;

--
-- Contenu de la table `pokemon`
--

INSERT INTO `pokemon` (`id`, `ref`, `nom`, `total`, `hp`, `attack`, `defense`, `sp_atk`, `sp_def`, `speed`) VALUES
(1, ' 001', 'Bulbasaur', '318', '45', '49', '49', '65', '65', '45'),
(2, ' 002', 'Ivysaur', '405', '60', '62', '63', '80', '80', '60'),
(3, ' 003', 'Venusaur', '525', '80', '82', '83', '100', '100', '80'),
(4, ' 003', 'Venusaur', '625', '80', '100', '123', '122', '120', '80'),
(5, ' 004', 'Charmander', '309', '39', '52', '43', '60', '50', '65'),
(6, ' 005', 'Charmeleon', '405', '58', '64', '58', '80', '65', '80'),
(7, ' 006', 'Charizard', '534', '78', '84', '78', '109', '85', '100'),
(8, ' 006', 'Charizard', '634', '78', '130', '111', '130', '85', '100'),
(9, ' 006', 'Charizard', '634', '78', '104', '78', '159', '115', '100'),
(10, ' 007', 'Squirtle', '314', '44', '48', '65', '50', '64', '43'),
(11, ' 008', 'Wartortle', '405', '59', '63', '80', '65', '80', '58'),
(12, ' 009', 'Blastoise', '530', '79', '83', '100', '85', '105', '78'),
(13, ' 009', 'Blastoise', '630', '79', '103', '120', '135', '115', '78'),
(14, ' 010', 'Caterpie', '195', '45', '30', '35', '20', '20', '45'),
(15, ' 011', 'Metapod', '205', '50', '20', '55', '25', '25', '30'),
(16, ' 012', 'Butterfree', '395', '60', '45', '50', '90', '80', '70'),
(17, ' 013', 'Weedle', '195', '40', '35', '30', '20', '20', '50'),
(18, ' 014', 'Kakuna', '205', '45', '25', '50', '25', '25', '35'),
(19, ' 015', 'Beedrill', '395', '65', '90', '40', '45', '80', '75'),
(20, ' 015', 'Beedrill', '495', '65', '150', '40', '15', '80', '145'),
(21, ' 016', 'Pidgey', '251', '40', '45', '40', '35', '35', '56'),
(22, ' 017', 'Pidgeotto', '349', '63', '60', '55', '50', '50', '71'),
(23, ' 018', 'Pidgeot', '479', '83', '80', '75', '70', '70', '101'),
(24, ' 018', 'Pidgeot', '579', '83', '80', '80', '135', '80', '121'),
(25, ' 019', 'Rattata', '253', '30', '56', '35', '25', '35', '72'),
(26, ' 019', 'Rattata', '253', '30', '56', '35', '25', '35', '72'),
(27, ' 020', 'Raticate', '413', '55', '81', '60', '50', '70', '97'),
(28, ' 020', 'Raticate', '413', '75', '71', '70', '40', '80', '77'),
(29, ' 021', 'Spearow', '262', '40', '60', '30', '31', '31', '70'),
(30, ' 022', 'Fearow', '442', '65', '90', '65', '61', '61', '100'),
(31, ' 023', 'Ekans', '288', '35', '60', '44', '40', '54', '55'),
(32, ' 024', 'Arbok', '448', '60', '95', '69', '65', '79', '80'),
(33, ' 025', 'Pikachu', '320', '35', '55', '40', '50', '50', '90'),
(34, ' 026', 'Raichu', '485', '60', '90', '55', '90', '80', '110'),
(35, ' 026', 'Raichu', '485', '60', '85', '50', '95', '85', '110'),
(36, ' 027', 'Sandshrew', '300', '50', '75', '85', '20', '30', '40'),
(37, ' 027', 'Sandshrew', '300', '50', '75', '90', '10', '35', '40'),
(38, ' 028', 'Sandslash', '450', '75', '100', '110', '45', '55', '65'),
(39, ' 028', 'Sandslash', '450', '75', '100', '120', '25', '65', '65'),
(40, ' 029', 'Nidoran\\xe2\\x99\\x80', '275', '55', '47', '52', '40', '40', '41'),
(41, ' 030', 'Nidorina', '365', '70', '62', '67', '55', '55', '56'),
(42, ' 031', 'Nidoqueen', '505', '90', '92', '87', '75', '85', '76'),
(43, ' 032', 'Nidoran\\xe2\\x99\\x82', '273', '46', '57', '40', '40', '40', '50'),
(44, ' 033', 'Nidorino', '365', '61', '72', '57', '55', '55', '65'),
(45, ' 034', 'Nidoking', '505', '81', '102', '77', '85', '75', '85'),
(46, ' 035', 'Clefairy', '323', '70', '45', '48', '60', '65', '35'),
(47, ' 036', 'Clefable', '483', '95', '70', '73', '95', '90', '60'),
(48, ' 037', 'Vulpix', '299', '38', '41', '40', '50', '65', '65'),
(49, ' 037', 'Vulpix', '299', '38', '41', '40', '50', '65', '65'),
(50, ' 038', 'Ninetales', '505', '73', '76', '75', '81', '100', '100'),
(51, ' 038', 'Ninetales', '505', '73', '67', '75', '81', '100', '109'),
(52, ' 039', 'Jigglypuff', '270', '115', '45', '20', '45', '25', '20'),
(53, ' 040', 'Wigglytuff', '435', '140', '70', '45', '85', '50', '45'),
(54, ' 041', 'Zubat', '245', '40', '45', '35', '30', '40', '55'),
(55, ' 042', 'Golbat', '455', '75', '80', '70', '65', '75', '90'),
(56, ' 043', 'Oddish', '320', '45', '50', '55', '75', '65', '30'),
(57, ' 044', 'Gloom', '395', '60', '65', '70', '85', '75', '40'),
(58, ' 045', 'Vileplume', '490', '75', '80', '85', '110', '90', '50'),
(59, ' 046', 'Paras', '285', '35', '70', '55', '45', '55', '25'),
(60, ' 047', 'Parasect', '405', '60', '95', '80', '60', '80', '30'),
(61, ' 048', 'Venonat', '305', '60', '55', '50', '40', '55', '45'),
(62, ' 049', 'Venomoth', '450', '70', '65', '60', '90', '75', '90'),
(63, ' 050', 'Diglett', '265', '10', '55', '25', '35', '45', '95'),
(64, ' 050', 'Diglett', '265', '10', '55', '30', '35', '45', '90'),
(65, ' 051', 'Dugtrio', '425', '35', '100', '50', '50', '70', '120'),
(66, ' 051', 'Dugtrio', '425', '35', '100', '60', '50', '70', '110'),
(67, ' 052', 'Meowth', '290', '40', '45', '35', '40', '40', '90'),
(68, ' 052', 'Meowth', '290', '40', '35', '35', '50', '40', '90'),
(69, ' 053', 'Persian', '440', '65', '70', '60', '65', '65', '115'),
(70, ' 053', 'Persian', '440', '65', '60', '60', '75', '65', '115'),
(71, ' 054', 'Psyduck', '320', '50', '52', '48', '65', '50', '55'),
(72, ' 055', 'Golduck', '500', '80', '82', '78', '95', '80', '85'),
(73, ' 056', 'Mankey', '305', '40', '80', '35', '35', '45', '70'),
(74, ' 057', 'Primeape', '455', '65', '105', '60', '60', '70', '95'),
(75, ' 058', 'Growlithe', '350', '55', '70', '45', '70', '50', '60'),
(76, ' 059', 'Arcanine', '555', '90', '110', '80', '100', '80', '95'),
(77, ' 060', 'Poliwag', '300', '40', '50', '40', '40', '40', '90'),
(78, ' 061', 'Poliwhirl', '385', '65', '65', '65', '50', '50', '90'),
(79, ' 062', 'Poliwrath', '510', '90', '95', '95', '70', '90', '70'),
(80, ' 063', 'Abra', '310', '25', '20', '15', '105', '55', '90'),
(81, ' 064', 'Kadabra', '400', '40', '35', '30', '120', '70', '105'),
(82, ' 065', 'Alakazam', '500', '55', '50', '45', '135', '95', '120'),
(83, ' 065', 'Alakazam', '600', '55', '50', '65', '175', '105', '150'),
(84, ' 066', 'Machop', '305', '70', '80', '50', '35', '35', '35'),
(85, ' 067', 'Machoke', '405', '80', '100', '70', '50', '60', '45'),
(86, ' 068', 'Machamp', '505', '90', '130', '80', '65', '85', '55'),
(87, ' 069', 'Bellsprout', '300', '50', '75', '35', '70', '30', '40'),
(88, ' 070', 'Weepinbell', '390', '65', '90', '50', '85', '45', '55'),
(89, ' 071', 'Victreebel', '490', '80', '105', '65', '100', '70', '70'),
(90, ' 072', 'Tentacool', '335', '40', '40', '35', '50', '100', '70'),
(91, ' 073', 'Tentacruel', '515', '80', '70', '65', '80', '120', '100'),
(92, ' 074', 'Geodude', '300', '40', '80', '100', '30', '30', '20'),
(93, ' 074', 'Geodude', '300', '40', '80', '100', '30', '30', '20'),
(94, ' 075', 'Graveler', '390', '55', '95', '115', '45', '45', '35'),
(95, ' 075', 'Graveler', '390', '55', '95', '115', '45', '45', '35'),
(96, ' 076', 'Golem', '495', '80', '120', '130', '55', '65', '45'),
(97, ' 076', 'Golem', '495', '80', '120', '130', '55', '65', '45'),
(98, ' 077', 'Ponyta', '410', '50', '85', '55', '65', '65', '90'),
(99, ' 078', 'Rapidash', '500', '65', '100', '70', '80', '80', '105'),
(100, ' 079', 'Slowpoke', '315', '90', '65', '65', '40', '40', '15'),
(101, ' 080', 'Slowbro', '490', '95', '75', '110', '100', '80', '30'),
(102, ' 080', 'Slowbro', '590', '95', '75', '180', '130', '80', '30'),
(103, ' 081', 'Magnemite', '325', '25', '35', '70', '95', '55', '45'),
(104, ' 082', 'Magneton', '465', '50', '60', '95', '120', '70', '70'),
(105, ' 083', 'Farfetch\\''d', '377', '52', '90', '55', '58', '62', '60'),
(106, ' 084', 'Doduo', '310', '35', '85', '45', '35', '35', '75'),
(107, ' 085', 'Dodrio', '470', '60', '110', '70', '60', '60', '110'),
(108, ' 086', 'Seel', '325', '65', '45', '55', '45', '70', '45'),
(109, ' 087', 'Dewgong', '475', '90', '70', '80', '70', '95', '70'),
(110, ' 088', 'Grimer', '325', '80', '80', '50', '40', '50', '25'),
(111, ' 088', 'Grimer', '325', '80', '80', '50', '40', '50', '25'),
(112, ' 089', 'Muk', '500', '105', '105', '75', '65', '100', '50'),
(113, ' 089', 'Muk', '500', '105', '105', '75', '65', '100', '50'),
(114, ' 090', 'Shellder', '305', '30', '65', '100', '45', '25', '40'),
(115, ' 091', 'Cloyster', '525', '50', '95', '180', '85', '45', '70'),
(116, ' 092', 'Gastly', '310', '30', '35', '30', '100', '35', '80'),
(117, ' 093', 'Haunter', '405', '45', '50', '45', '115', '55', '95'),
(118, ' 094', 'Gengar', '500', '60', '65', '60', '130', '75', '110'),
(119, ' 094', 'Gengar', '600', '60', '65', '80', '170', '95', '130'),
(120, ' 095', 'Onix', '385', '35', '45', '160', '30', '45', '70'),
(121, ' 096', 'Drowzee', '328', '60', '48', '45', '43', '90', '42'),
(122, ' 097', 'Hypno', '483', '85', '73', '70', '73', '115', '67'),
(123, ' 098', 'Krabby', '325', '30', '105', '90', '25', '25', '50'),
(124, ' 099', 'Kingler', '475', '55', '130', '115', '50', '50', '75'),
(125, ' 100', 'Voltorb', '330', '40', '30', '50', '55', '55', '100'),
(126, ' 101', 'Electrode', '490', '60', '50', '70', '80', '80', '150'),
(127, ' 102', 'Exeggcute', '325', '60', '40', '80', '60', '45', '40'),
(128, ' 103', 'Exeggutor', '530', '95', '95', '85', '125', '75', '55'),
(129, ' 103', 'Exeggutor', '530', '95', '105', '85', '125', '75', '45'),
(130, ' 104', 'Cubone', '320', '50', '50', '95', '40', '50', '35'),
(131, ' 105', 'Marowak', '425', '60', '80', '110', '50', '80', '45'),
(132, ' 105', 'Marowak', '425', '60', '80', '110', '50', '80', '45'),
(133, ' 106', 'Hitmonlee', '455', '50', '120', '53', '35', '110', '87'),
(134, ' 107', 'Hitmonchan', '455', '50', '105', '79', '35', '110', '76'),
(135, ' 108', 'Lickitung', '385', '90', '55', '75', '60', '75', '30'),
(136, ' 109', 'Koffing', '340', '40', '65', '95', '60', '45', '35'),
(137, ' 110', 'Weezing', '490', '65', '90', '120', '85', '70', '60'),
(138, ' 111', 'Rhyhorn', '345', '80', '85', '95', '30', '30', '25'),
(139, ' 112', 'Rhydon', '485', '105', '130', '120', '45', '45', '40'),
(140, ' 113', 'Chansey', '450', '250', '5', '5', '35', '105', '50'),
(141, ' 114', 'Tangela', '435', '65', '55', '115', '100', '40', '60'),
(142, ' 115', 'Kangaskhan', '490', '105', '95', '80', '40', '80', '90'),
(143, ' 115', 'Kangaskhan', '590', '105', '125', '100', '60', '100', '100'),
(144, ' 116', 'Horsea', '295', '30', '40', '70', '70', '25', '60'),
(145, ' 117', 'Seadra', '440', '55', '65', '95', '95', '45', '85'),
(146, ' 118', 'Goldeen', '320', '45', '67', '60', '35', '50', '63'),
(147, ' 119', 'Seaking', '450', '80', '92', '65', '65', '80', '68'),
(148, ' 120', 'Staryu', '340', '30', '45', '55', '70', '55', '85'),
(149, ' 121', 'Starmie', '520', '60', '75', '85', '100', '85', '115'),
(150, ' 122', 'Mr. Mime', '460', '40', '45', '65', '100', '120', '90'),
(151, ' 123', 'Scyther', '500', '70', '110', '80', '55', '80', '105'),
(152, ' 124', 'Jynx', '455', '65', '50', '35', '115', '95', '95'),
(153, ' 125', 'Electabuzz', '490', '65', '83', '57', '95', '85', '105'),
(154, ' 126', 'Magmar', '495', '65', '95', '57', '100', '85', '93'),
(155, ' 127', 'Pinsir', '500', '65', '125', '100', '55', '70', '85'),
(156, ' 127', 'Pinsir', '600', '65', '155', '120', '65', '90', '105'),
(157, ' 128', 'Tauros', '490', '75', '100', '95', '40', '70', '110'),
(158, ' 129', 'Magikarp', '200', '20', '10', '55', '15', '20', '80'),
(159, ' 130', 'Gyarados', '540', '95', '125', '79', '60', '100', '81'),
(160, ' 130', 'Gyarados', '640', '95', '155', '109', '70', '130', '81'),
(161, ' 131', 'Lapras', '535', '130', '85', '80', '85', '95', '60'),
(162, ' 132', 'Ditto', '288', '48', '48', '48', '48', '48', '48'),
(163, ' 133', 'Eevee', '325', '55', '55', '50', '45', '65', '55'),
(164, ' 134', 'Vaporeon', '525', '130', '65', '60', '110', '95', '65'),
(165, ' 135', 'Jolteon', '525', '65', '65', '60', '110', '95', '130'),
(166, ' 136', 'Flareon', '525', '65', '130', '60', '95', '110', '65'),
(167, ' 137', 'Porygon', '395', '65', '60', '70', '85', '75', '40'),
(168, ' 138', 'Omanyte', '355', '35', '40', '100', '90', '55', '35'),
(169, ' 139', 'Omastar', '495', '70', '60', '125', '115', '70', '55'),
(170, ' 140', 'Kabuto', '355', '30', '80', '90', '55', '45', '55'),
(171, ' 141', 'Kabutops', '495', '60', '115', '105', '65', '70', '80'),
(172, ' 142', 'Aerodactyl', '515', '80', '105', '65', '60', '75', '130'),
(173, ' 142', 'Aerodactyl', '615', '80', '135', '85', '70', '95', '150'),
(174, ' 143', 'Snorlax', '540', '160', '110', '65', '65', '110', '30'),
(175, ' 144', 'Articuno', '580', '90', '85', '100', '95', '125', '85'),
(176, ' 145', 'Zapdos', '580', '90', '90', '85', '125', '90', '100'),
(177, ' 146', 'Moltres', '580', '90', '100', '90', '125', '85', '90'),
(178, ' 147', 'Dratini', '300', '41', '64', '45', '50', '50', '50'),
(179, ' 148', 'Dragonair', '420', '61', '84', '65', '70', '70', '70'),
(180, ' 149', 'Dragonite', '600', '91', '134', '95', '100', '100', '80'),
(181, ' 150', 'Mewtwo', '680', '106', '110', '90', '154', '90', '130'),
(182, ' 150', 'Mewtwo', '780', '106', '190', '100', '154', '100', '130'),
(183, ' 150', 'Mewtwo', '780', '106', '150', '70', '194', '120', '140'),
(184, ' 151', 'Mew', '600', '100', '100', '100', '100', '100', '100'),
(185, ' 152', 'Chikorita', '318', '45', '49', '65', '49', '65', '45'),
(186, ' 153', 'Bayleef', '405', '60', '62', '80', '63', '80', '60'),
(187, ' 154', 'Meganium', '525', '80', '82', '100', '83', '100', '80'),
(188, ' 155', 'Cyndaquil', '309', '39', '52', '43', '60', '50', '65'),
(189, ' 156', 'Quilava', '405', '58', '64', '58', '80', '65', '80'),
(190, ' 157', 'Typhlosion', '534', '78', '84', '78', '109', '85', '100'),
(191, ' 158', 'Totodile', '314', '50', '65', '64', '44', '48', '43'),
(192, ' 159', 'Croconaw', '405', '65', '80', '80', '59', '63', '58'),
(193, ' 160', 'Feraligatr', '530', '85', '105', '100', '79', '83', '78'),
(194, ' 161', 'Sentret', '215', '35', '46', '34', '35', '45', '20'),
(195, ' 162', 'Furret', '415', '85', '76', '64', '45', '55', '90'),
(196, ' 163', 'Hoothoot', '262', '60', '30', '30', '36', '56', '50'),
(197, ' 164', 'Noctowl', '452', '100', '50', '50', '86', '96', '70'),
(198, ' 165', 'Ledyba', '265', '40', '20', '30', '40', '80', '55'),
(199, ' 166', 'Ledian', '390', '55', '35', '50', '55', '110', '85'),
(200, ' 167', 'Spinarak', '250', '40', '60', '40', '40', '40', '30'),
(201, ' 168', 'Ariados', '400', '70', '90', '70', '60', '70', '40'),
(202, ' 169', 'Crobat', '535', '85', '90', '80', '70', '80', '130'),
(203, ' 170', 'Chinchou', '330', '75', '38', '38', '56', '56', '67'),
(204, ' 171', 'Lanturn', '460', '125', '58', '58', '76', '76', '67'),
(205, ' 172', 'Pichu', '205', '20', '40', '15', '35', '35', '60'),
(206, ' 173', 'Cleffa', '218', '50', '25', '28', '45', '55', '15'),
(207, ' 174', 'Igglybuff', '210', '90', '30', '15', '40', '20', '15'),
(208, ' 175', 'Togepi', '245', '35', '20', '65', '40', '65', '20'),
(209, ' 176', 'Togetic', '405', '55', '40', '85', '80', '105', '40'),
(210, ' 177', 'Natu', '320', '40', '50', '45', '70', '45', '70'),
(211, ' 178', 'Xatu', '470', '65', '75', '70', '95', '70', '95'),
(212, ' 179', 'Mareep', '280', '55', '40', '40', '65', '45', '35'),
(213, ' 180', 'Flaaffy', '365', '70', '55', '55', '80', '60', '45'),
(214, ' 181', 'Ampharos', '510', '90', '75', '85', '115', '90', '55'),
(215, ' 181', 'Ampharos', '610', '90', '95', '105', '165', '110', '45'),
(216, ' 182', 'Bellossom', '490', '75', '80', '95', '90', '100', '50'),
(217, ' 183', 'Marill', '250', '70', '20', '50', '20', '50', '40'),
(218, ' 184', 'Azumarill', '420', '100', '50', '80', '60', '80', '50'),
(219, ' 185', 'Sudowoodo', '410', '70', '100', '115', '30', '65', '30'),
(220, ' 186', 'Politoed', '500', '90', '75', '75', '90', '100', '70'),
(221, ' 187', 'Hoppip', '250', '35', '35', '40', '35', '55', '50'),
(222, ' 188', 'Skiploom', '340', '55', '45', '50', '45', '65', '80'),
(223, ' 189', 'Jumpluff', '460', '75', '55', '70', '55', '95', '110'),
(224, ' 190', 'Aipom', '360', '55', '70', '55', '40', '55', '85'),
(225, ' 191', 'Sunkern', '180', '30', '30', '30', '30', '30', '30'),
(226, ' 192', 'Sunflora', '425', '75', '75', '55', '105', '85', '30'),
(227, ' 193', 'Yanma', '390', '65', '65', '45', '75', '45', '95'),
(228, ' 194', 'Wooper', '210', '55', '45', '45', '25', '25', '15'),
(229, ' 195', 'Quagsire', '430', '95', '85', '85', '65', '65', '35'),
(230, ' 196', 'Espeon', '525', '65', '65', '60', '130', '95', '110'),
(231, ' 197', 'Umbreon', '525', '95', '65', '110', '60', '130', '65'),
(232, ' 198', 'Murkrow', '405', '60', '85', '42', '85', '42', '91'),
(233, ' 199', 'Slowking', '490', '95', '75', '80', '100', '110', '30'),
(234, ' 200', 'Misdreavus', '435', '60', '60', '60', '85', '85', '85'),
(235, ' 201', 'Unown', '336', '48', '72', '48', '72', '48', '48'),
(236, ' 202', 'Wobbuffet', '405', '190', '33', '58', '33', '58', '33'),
(237, ' 203', 'Girafarig', '455', '70', '80', '65', '90', '65', '85'),
(238, ' 204', 'Pineco', '290', '50', '65', '90', '35', '35', '15'),
(239, ' 205', 'Forretress', '465', '75', '90', '140', '60', '60', '40'),
(240, ' 206', 'Dunsparce', '415', '100', '70', '70', '65', '65', '45'),
(241, ' 207', 'Gligar', '430', '65', '75', '105', '35', '65', '85'),
(242, ' 208', 'Steelix', '510', '75', '85', '200', '55', '65', '30'),
(243, ' 208', 'Steelix', '610', '75', '125', '230', '55', '95', '30'),
(244, ' 209', 'Snubbull', '300', '60', '80', '50', '40', '40', '30'),
(245, ' 210', 'Granbull', '450', '90', '120', '75', '60', '60', '45'),
(246, ' 211', 'Qwilfish', '440', '65', '95', '85', '55', '55', '85'),
(247, ' 212', 'Scizor', '500', '70', '130', '100', '55', '80', '65'),
(248, ' 212', 'Scizor', '600', '70', '150', '140', '65', '100', '75'),
(249, ' 213', 'Shuckle', '505', '20', '10', '230', '10', '230', '5'),
(250, ' 214', 'Heracross', '500', '80', '125', '75', '40', '95', '85'),
(251, ' 214', 'Heracross', '600', '80', '185', '115', '40', '105', '75'),
(252, ' 215', 'Sneasel', '430', '55', '95', '55', '35', '75', '115'),
(253, ' 216', 'Teddiursa', '330', '60', '80', '50', '50', '50', '40'),
(254, ' 217', 'Ursaring', '500', '90', '130', '75', '75', '75', '55'),
(255, ' 218', 'Slugma', '250', '40', '40', '40', '70', '40', '20'),
(256, ' 219', 'Magcargo', '430', '60', '50', '120', '90', '80', '30'),
(257, ' 220', 'Swinub', '250', '50', '50', '40', '30', '30', '50'),
(258, ' 221', 'Piloswine', '450', '100', '100', '80', '60', '60', '50'),
(259, ' 222', 'Corsola', '410', '65', '55', '95', '65', '95', '35'),
(260, ' 223', 'Remoraid', '300', '35', '65', '35', '65', '35', '65'),
(261, ' 224', 'Octillery', '480', '75', '105', '75', '105', '75', '45'),
(262, ' 225', 'Delibird', '330', '45', '55', '45', '65', '45', '75'),
(263, ' 226', 'Mantine', '485', '85', '40', '70', '80', '140', '70'),
(264, ' 227', 'Skarmory', '465', '65', '80', '140', '40', '70', '70'),
(265, ' 228', 'Houndour', '330', '45', '60', '30', '80', '50', '65'),
(266, ' 229', 'Houndoom', '500', '75', '90', '50', '110', '80', '95'),
(267, ' 229', 'Houndoom', '600', '75', '90', '90', '140', '90', '115'),
(268, ' 230', 'Kingdra', '540', '75', '95', '95', '95', '95', '85'),
(269, ' 231', 'Phanpy', '330', '90', '60', '60', '40', '40', '40'),
(270, ' 232', 'Donphan', '500', '90', '120', '120', '60', '60', '50'),
(271, ' 233', 'Porygon2', '515', '85', '80', '90', '105', '95', '60'),
(272, ' 234', 'Stantler', '465', '73', '95', '62', '85', '65', '85'),
(273, ' 235', 'Smeargle', '250', '55', '20', '35', '20', '45', '75'),
(274, ' 236', 'Tyrogue', '210', '35', '35', '35', '35', '35', '35'),
(275, ' 237', 'Hitmontop', '455', '50', '95', '95', '35', '110', '70'),
(276, ' 238', 'Smoochum', '305', '45', '30', '15', '85', '65', '65'),
(277, ' 239', 'Elekid', '360', '45', '63', '37', '65', '55', '95'),
(278, ' 240', 'Magby', '365', '45', '75', '37', '70', '55', '83'),
(279, ' 241', 'Miltank', '490', '95', '80', '105', '40', '70', '100'),
(280, ' 242', 'Blissey', '540', '255', '10', '10', '75', '135', '55'),
(281, ' 243', 'Raikou', '580', '90', '85', '75', '115', '100', '115'),
(282, ' 244', 'Entei', '580', '115', '115', '85', '90', '75', '100'),
(283, ' 245', 'Suicune', '580', '100', '75', '115', '90', '115', '85'),
(284, ' 246', 'Larvitar', '300', '50', '64', '50', '45', '50', '41'),
(285, ' 247', 'Pupitar', '410', '70', '84', '70', '65', '70', '51'),
(286, ' 248', 'Tyranitar', '600', '100', '134', '110', '95', '100', '61'),
(287, ' 248', 'Tyranitar', '700', '100', '164', '150', '95', '120', '71'),
(288, ' 249', 'Lugia', '680', '106', '90', '130', '90', '154', '110'),
(289, ' 250', 'Ho-oh', '680', '106', '130', '90', '110', '154', '90'),
(290, ' 251', 'Celebi', '600', '100', '100', '100', '100', '100', '100'),
(291, ' 252', 'Treecko', '310', '40', '45', '35', '65', '55', '70'),
(292, ' 253', 'Grovyle', '405', '50', '65', '45', '85', '65', '95'),
(293, ' 254', 'Sceptile', '530', '70', '85', '65', '105', '85', '120'),
(294, ' 254', 'Sceptile', '630', '70', '110', '75', '145', '85', '145'),
(295, ' 255', 'Torchic', '310', '45', '60', '40', '70', '50', '45'),
(296, ' 256', 'Combusken', '405', '60', '85', '60', '85', '60', '55'),
(297, ' 257', 'Blaziken', '530', '80', '120', '70', '110', '70', '80'),
(298, ' 257', 'Blaziken', '630', '80', '160', '80', '130', '80', '100'),
(299, ' 258', 'Mudkip', '310', '50', '70', '50', '50', '50', '40'),
(300, ' 259', 'Marshtomp', '405', '70', '85', '70', '60', '70', '50'),
(301, ' 260', 'Swampert', '535', '100', '110', '90', '85', '90', '60'),
(302, ' 260', 'Swampert', '635', '100', '150', '110', '95', '110', '70'),
(303, ' 261', 'Poochyena', '220', '35', '55', '35', '30', '30', '35'),
(304, ' 262', 'Mightyena', '420', '70', '90', '70', '60', '60', '70'),
(305, ' 263', 'Zigzagoon', '240', '38', '30', '41', '30', '41', '60'),
(306, ' 264', 'Linoone', '420', '78', '70', '61', '50', '61', '100'),
(307, ' 265', 'Wurmple', '195', '45', '45', '35', '20', '30', '20'),
(308, ' 266', 'Silcoon', '205', '50', '35', '55', '25', '25', '15'),
(309, ' 267', 'Beautifly', '395', '60', '70', '50', '100', '50', '65'),
(310, ' 268', 'Cascoon', '205', '50', '35', '55', '25', '25', '15'),
(311, ' 269', 'Dustox', '385', '60', '50', '70', '50', '90', '65'),
(312, ' 270', 'Lotad', '220', '40', '30', '30', '40', '50', '30'),
(313, ' 271', 'Lombre', '340', '60', '50', '50', '60', '70', '50'),
(314, ' 272', 'Ludicolo', '480', '80', '70', '70', '90', '100', '70'),
(315, ' 273', 'Seedot', '220', '40', '40', '50', '30', '30', '30'),
(316, ' 274', 'Nuzleaf', '340', '70', '70', '40', '60', '40', '60'),
(317, ' 275', 'Shiftry', '480', '90', '100', '60', '90', '60', '80'),
(318, ' 276', 'Taillow', '270', '40', '55', '30', '30', '30', '85'),
(319, ' 277', 'Swellow', '455', '60', '85', '60', '75', '50', '125'),
(320, ' 278', 'Wingull', '270', '40', '30', '30', '55', '30', '85'),
(321, ' 279', 'Pelipper', '440', '60', '50', '100', '95', '70', '65'),
(322, ' 280', 'Ralts', '198', '28', '25', '25', '45', '35', '40'),
(323, ' 281', 'Kirlia', '278', '38', '35', '35', '65', '55', '50'),
(324, ' 282', 'Gardevoir', '518', '68', '65', '65', '125', '115', '80'),
(325, ' 282', 'Gardevoir', '618', '68', '85', '65', '165', '135', '100'),
(326, ' 283', 'Surskit', '269', '40', '30', '32', '50', '52', '65'),
(327, ' 284', 'Masquerain', '454', '70', '60', '62', '100', '82', '80'),
(328, ' 285', 'Shroomish', '295', '60', '40', '60', '40', '60', '35'),
(329, ' 286', 'Breloom', '460', '60', '130', '80', '60', '60', '70'),
(330, ' 287', 'Slakoth', '280', '60', '60', '60', '35', '35', '30'),
(331, ' 288', 'Vigoroth', '440', '80', '80', '80', '55', '55', '90'),
(332, ' 289', 'Slaking', '670', '150', '160', '100', '95', '65', '100'),
(333, ' 290', 'Nincada', '266', '31', '45', '90', '30', '30', '40'),
(334, ' 291', 'Ninjask', '456', '61', '90', '45', '50', '50', '160'),
(335, ' 292', 'Shedinja', '236', '1', '90', '45', '30', '30', '40'),
(336, ' 293', 'Whismur', '240', '64', '51', '23', '51', '23', '28'),
(337, ' 294', 'Loudred', '360', '84', '71', '43', '71', '43', '48'),
(338, ' 295', 'Exploud', '490', '104', '91', '63', '91', '73', '68'),
(339, ' 296', 'Makuhita', '237', '72', '60', '30', '20', '30', '25'),
(340, ' 297', 'Hariyama', '474', '144', '120', '60', '40', '60', '50'),
(341, ' 298', 'Azurill', '190', '50', '20', '40', '20', '40', '20'),
(342, ' 299', 'Nosepass', '375', '30', '45', '135', '45', '90', '30'),
(343, ' 300', 'Skitty', '260', '50', '45', '45', '35', '35', '50'),
(344, ' 301', 'Delcatty', '400', '70', '65', '65', '55', '55', '90'),
(345, ' 302', 'Sableye', '380', '50', '75', '75', '65', '65', '50'),
(346, ' 302', 'Sableye', '480', '50', '85', '125', '85', '115', '20'),
(347, ' 303', 'Mawile', '380', '50', '85', '85', '55', '55', '50'),
(348, ' 303', 'Mawile', '480', '50', '105', '125', '55', '95', '50'),
(349, ' 304', 'Aron', '330', '50', '70', '100', '40', '40', '30'),
(350, ' 305', 'Lairon', '430', '60', '90', '140', '50', '50', '40'),
(351, ' 306', 'Aggron', '530', '70', '110', '180', '60', '60', '50'),
(352, ' 306', 'Aggron', '630', '70', '140', '230', '60', '80', '50'),
(353, ' 307', 'Meditite', '280', '30', '40', '55', '40', '55', '60'),
(354, ' 308', 'Medicham', '410', '60', '60', '75', '60', '75', '80'),
(355, ' 308', 'Medicham', '510', '60', '100', '85', '80', '85', '100'),
(356, ' 309', 'Electrike', '295', '40', '45', '40', '65', '40', '65'),
(357, ' 310', 'Manectric', '475', '70', '75', '60', '105', '60', '105'),
(358, ' 310', 'Manectric', '575', '70', '75', '80', '135', '80', '135'),
(359, ' 311', 'Plusle', '405', '60', '50', '40', '85', '75', '95'),
(360, ' 312', 'Minun', '405', '60', '40', '50', '75', '85', '95'),
(361, ' 313', 'Volbeat', '430', '65', '73', '75', '47', '85', '85'),
(362, ' 314', 'Illumise', '430', '65', '47', '75', '73', '85', '85'),
(363, ' 315', 'Roselia', '400', '50', '60', '45', '100', '80', '65'),
(364, ' 316', 'Gulpin', '302', '70', '43', '53', '43', '53', '40'),
(365, ' 317', 'Swalot', '467', '100', '73', '83', '73', '83', '55'),
(366, ' 318', 'Carvanha', '305', '45', '90', '20', '65', '20', '65'),
(367, ' 319', 'Sharpedo', '460', '70', '120', '40', '95', '40', '95'),
(368, ' 319', 'Sharpedo', '560', '70', '140', '70', '110', '65', '105'),
(369, ' 320', 'Wailmer', '400', '130', '70', '35', '70', '35', '60'),
(370, ' 321', 'Wailord', '500', '170', '90', '45', '90', '45', '60'),
(371, ' 322', 'Numel', '305', '60', '60', '40', '65', '45', '35'),
(372, ' 323', 'Camerupt', '460', '70', '100', '70', '105', '75', '40'),
(373, ' 323', 'Camerupt', '560', '70', '120', '100', '145', '105', '20'),
(374, ' 324', 'Torkoal', '470', '70', '85', '140', '85', '70', '20'),
(375, ' 325', 'Spoink', '330', '60', '25', '35', '70', '80', '60'),
(376, ' 326', 'Grumpig', '470', '80', '45', '65', '90', '110', '80'),
(377, ' 327', 'Spinda', '360', '60', '60', '60', '60', '60', '60'),
(378, ' 328', 'Trapinch', '290', '45', '100', '45', '45', '45', '10'),
(379, ' 329', 'Vibrava', '340', '50', '70', '50', '50', '50', '70'),
(380, ' 330', 'Flygon', '520', '80', '100', '80', '80', '80', '100'),
(381, ' 331', 'Cacnea', '335', '50', '85', '40', '85', '40', '35'),
(382, ' 332', 'Cacturne', '475', '70', '115', '60', '115', '60', '55'),
(383, ' 333', 'Swablu', '310', '45', '40', '60', '40', '75', '50'),
(384, ' 334', 'Altaria', '490', '75', '70', '90', '70', '105', '80'),
(385, ' 334', 'Altaria', '590', '75', '110', '110', '110', '105', '80'),
(386, ' 335', 'Zangoose', '458', '73', '115', '60', '60', '60', '90'),
(387, ' 336', 'Seviper', '458', '73', '100', '60', '100', '60', '65'),
(388, ' 337', 'Lunatone', '460', '90', '55', '65', '95', '85', '70'),
(389, ' 338', 'Solrock', '460', '90', '95', '85', '55', '65', '70'),
(390, ' 339', 'Barboach', '288', '50', '48', '43', '46', '41', '60'),
(391, ' 340', 'Whiscash', '468', '110', '78', '73', '76', '71', '60'),
(392, ' 341', 'Corphish', '308', '43', '80', '65', '50', '35', '35'),
(393, ' 342', 'Crawdaunt', '468', '63', '120', '85', '90', '55', '55'),
(394, ' 343', 'Baltoy', '300', '40', '40', '55', '40', '70', '55'),
(395, ' 344', 'Claydol', '500', '60', '70', '105', '70', '120', '75'),
(396, ' 345', 'Lileep', '355', '66', '41', '77', '61', '87', '23'),
(397, ' 346', 'Cradily', '495', '86', '81', '97', '81', '107', '43'),
(398, ' 347', 'Anorith', '355', '45', '95', '50', '40', '50', '75'),
(399, ' 348', 'Armaldo', '495', '75', '125', '100', '70', '80', '45'),
(400, ' 349', 'Feebas', '200', '20', '15', '20', '10', '55', '80'),
(401, ' 350', 'Milotic', '540', '95', '60', '79', '100', '125', '81'),
(402, ' 351', 'Castform', '420', '70', '70', '70', '70', '70', '70'),
(403, ' 352', 'Kecleon', '440', '60', '90', '70', '60', '120', '40'),
(404, ' 353', 'Shuppet', '295', '44', '75', '35', '63', '33', '45'),
(405, ' 354', 'Banette', '455', '64', '115', '65', '83', '63', '65'),
(406, ' 354', 'Banette', '555', '64', '165', '75', '93', '83', '75'),
(407, ' 355', 'Duskull', '295', '20', '40', '90', '30', '90', '25'),
(408, ' 356', 'Dusclops', '455', '40', '70', '130', '60', '130', '25'),
(409, ' 357', 'Tropius', '460', '99', '68', '83', '72', '87', '51'),
(410, ' 358', 'Chimecho', '455', '75', '50', '80', '95', '90', '65'),
(411, ' 359', 'Absol', '465', '65', '130', '60', '75', '60', '75'),
(412, ' 359', 'Absol', '565', '65', '150', '60', '115', '60', '115'),
(413, ' 360', 'Wynaut', '260', '95', '23', '48', '23', '48', '23'),
(414, ' 361', 'Snorunt', '300', '50', '50', '50', '50', '50', '50'),
(415, ' 362', 'Glalie', '480', '80', '80', '80', '80', '80', '80'),
(416, ' 362', 'Glalie', '580', '80', '120', '80', '120', '80', '100'),
(417, ' 363', 'Spheal', '290', '70', '40', '50', '55', '50', '25'),
(418, ' 364', 'Sealeo', '410', '90', '60', '70', '75', '70', '45'),
(419, ' 365', 'Walrein', '530', '110', '80', '90', '95', '90', '65'),
(420, ' 366', 'Clamperl', '345', '35', '64', '85', '74', '55', '32'),
(421, ' 367', 'Huntail', '485', '55', '104', '105', '94', '75', '52'),
(422, ' 368', 'Gorebyss', '485', '55', '84', '105', '114', '75', '52'),
(423, ' 369', 'Relicanth', '485', '100', '90', '130', '45', '65', '55'),
(424, ' 370', 'Luvdisc', '330', '43', '30', '55', '40', '65', '97'),
(425, ' 371', 'Bagon', '300', '45', '75', '60', '40', '30', '50'),
(426, ' 372', 'Shelgon', '420', '65', '95', '100', '60', '50', '50'),
(427, ' 373', 'Salamence', '600', '95', '135', '80', '110', '80', '100'),
(428, ' 373', 'Salamence', '700', '95', '145', '130', '120', '90', '120'),
(429, ' 374', 'Beldum', '300', '40', '55', '80', '35', '60', '30'),
(430, ' 375', 'Metang', '420', '60', '75', '100', '55', '80', '50'),
(431, ' 376', 'Metagross', '600', '80', '135', '130', '95', '90', '70'),
(432, ' 376', 'Metagross', '700', '80', '145', '150', '105', '110', '110'),
(433, ' 377', 'Regirock', '580', '80', '100', '200', '50', '100', '50'),
(434, ' 378', 'Regice', '580', '80', '50', '100', '100', '200', '50'),
(435, ' 379', 'Registeel', '580', '80', '75', '150', '75', '150', '50'),
(436, ' 380', 'Latias', '600', '80', '80', '90', '110', '130', '110'),
(437, ' 380', 'Latias', '700', '80', '100', '120', '140', '150', '110'),
(438, ' 381', 'Latios', '600', '80', '90', '80', '130', '110', '110'),
(439, ' 381', 'Latios', '700', '80', '130', '100', '160', '120', '110'),
(440, ' 382', 'Kyogre', '670', '100', '100', '90', '150', '140', '90'),
(441, ' 382', 'Kyogre', '770', '100', '150', '90', '180', '160', '90'),
(442, ' 383', 'Groudon', '670', '100', '150', '140', '100', '90', '90'),
(443, ' 383', 'Groudon', '770', '100', '180', '160', '150', '90', '90'),
(444, ' 384', 'Rayquaza', '680', '105', '150', '90', '150', '90', '95'),
(445, ' 384', 'Rayquaza', '780', '105', '180', '100', '180', '100', '115'),
(446, ' 385', 'Jirachi', '600', '100', '100', '100', '100', '100', '100'),
(447, ' 386', 'Deoxys', '600', '50', '150', '50', '150', '50', '150'),
(448, ' 386', 'Deoxys', '600', '50', '180', '20', '180', '20', '150'),
(449, ' 386', 'Deoxys', '600', '50', '70', '160', '70', '160', '90'),
(450, ' 386', 'Deoxys', '600', '50', '95', '90', '95', '90', '180'),
(451, ' 387', 'Turtwig', '318', '55', '68', '64', '45', '55', '31'),
(452, ' 388', 'Grotle', '405', '75', '89', '85', '55', '65', '36'),
(453, ' 389', 'Torterra', '525', '95', '109', '105', '75', '85', '56'),
(454, ' 390', 'Chimchar', '309', '44', '58', '44', '58', '44', '61'),
(455, ' 391', 'Monferno', '405', '64', '78', '52', '78', '52', '81'),
(456, ' 392', 'Infernape', '534', '76', '104', '71', '104', '71', '108'),
(457, ' 393', 'Piplup', '314', '53', '51', '53', '61', '56', '40'),
(458, ' 394', 'Prinplup', '405', '64', '66', '68', '81', '76', '50'),
(459, ' 395', 'Empoleon', '530', '84', '86', '88', '111', '101', '60'),
(460, ' 396', 'Starly', '245', '40', '55', '30', '30', '30', '60'),
(461, ' 397', 'Staravia', '340', '55', '75', '50', '40', '40', '80'),
(462, ' 398', 'Staraptor', '485', '85', '120', '70', '50', '60', '100'),
(463, ' 399', 'Bidoof', '250', '59', '45', '40', '35', '40', '31'),
(464, ' 400', 'Bibarel', '410', '79', '85', '60', '55', '60', '71'),
(465, ' 401', 'Kricketot', '194', '37', '25', '41', '25', '41', '25'),
(466, ' 402', 'Kricketune', '384', '77', '85', '51', '55', '51', '65'),
(467, ' 403', 'Shinx', '263', '45', '65', '34', '40', '34', '45'),
(468, ' 404', 'Luxio', '363', '60', '85', '49', '60', '49', '60'),
(469, ' 405', 'Luxray', '523', '80', '120', '79', '95', '79', '70'),
(470, ' 406', 'Budew', '280', '40', '30', '35', '50', '70', '55'),
(471, ' 407', 'Roserade', '515', '60', '70', '65', '125', '105', '90'),
(472, ' 408', 'Cranidos', '350', '67', '125', '40', '30', '30', '58'),
(473, ' 409', 'Rampardos', '495', '97', '165', '60', '65', '50', '58'),
(474, ' 410', 'Shieldon', '350', '30', '42', '118', '42', '88', '30'),
(475, ' 411', 'Bastiodon', '495', '60', '52', '168', '47', '138', '30'),
(476, ' 412', 'Burmy', '224', '40', '29', '45', '29', '45', '36'),
(477, ' 413', 'Wormadam', '424', '60', '59', '85', '79', '105', '36'),
(478, ' 413', 'Wormadam', '424', '60', '79', '105', '59', '85', '36'),
(479, ' 413', 'Wormadam', '424', '60', '69', '95', '69', '95', '36'),
(480, ' 414', 'Mothim', '424', '70', '94', '50', '94', '50', '66'),
(481, ' 415', 'Combee', '244', '30', '30', '42', '30', '42', '70'),
(482, ' 416', 'Vespiquen', '474', '70', '80', '102', '80', '102', '40'),
(483, ' 417', 'Pachirisu', '405', '60', '45', '70', '45', '90', '95'),
(484, ' 418', 'Buizel', '330', '55', '65', '35', '60', '30', '85'),
(485, ' 419', 'Floatzel', '495', '85', '105', '55', '85', '50', '115'),
(486, ' 420', 'Cherubi', '275', '45', '35', '45', '62', '53', '35'),
(487, ' 421', 'Cherrim', '450', '70', '60', '70', '87', '78', '85'),
(488, ' 422', 'Shellos', '325', '76', '48', '48', '57', '62', '34'),
(489, ' 423', 'Gastrodon', '475', '111', '83', '68', '92', '82', '39'),
(490, ' 424', 'Ambipom', '482', '75', '100', '66', '60', '66', '115'),
(491, ' 425', 'Drifloon', '348', '90', '50', '34', '60', '44', '70'),
(492, ' 426', 'Drifblim', '498', '150', '80', '44', '90', '54', '80'),
(493, ' 427', 'Buneary', '350', '55', '66', '44', '44', '56', '85'),
(494, ' 428', 'Lopunny', '480', '65', '76', '84', '54', '96', '105'),
(495, ' 428', 'Lopunny', '580', '65', '136', '94', '54', '96', '135'),
(496, ' 429', 'Mismagius', '495', '60', '60', '60', '105', '105', '105'),
(497, ' 430', 'Honchkrow', '505', '100', '125', '52', '105', '52', '71'),
(498, ' 431', 'Glameow', '310', '49', '55', '42', '42', '37', '85'),
(499, ' 432', 'Purugly', '452', '71', '82', '64', '64', '59', '112'),
(500, ' 433', 'Chingling', '285', '45', '30', '50', '65', '50', '45'),
(501, ' 434', 'Stunky', '329', '63', '63', '47', '41', '41', '74'),
(502, ' 435', 'Skuntank', '479', '103', '93', '67', '71', '61', '84'),
(503, ' 436', 'Bronzor', '300', '57', '24', '86', '24', '86', '23'),
(504, ' 437', 'Bronzong', '500', '67', '89', '116', '79', '116', '33'),
(505, ' 438', 'Bonsly', '290', '50', '80', '95', '10', '45', '10'),
(506, ' 439', 'Mime Jr.', '310', '20', '25', '45', '70', '90', '60'),
(507, ' 440', 'Happiny', '220', '100', '5', '5', '15', '65', '30'),
(508, ' 441', 'Chatot', '411', '76', '65', '45', '92', '42', '91'),
(509, ' 442', 'Spiritomb', '485', '50', '92', '108', '92', '108', '35'),
(510, ' 443', 'Gible', '300', '58', '70', '45', '40', '45', '42'),
(511, ' 444', 'Gabite', '410', '68', '90', '65', '50', '55', '82'),
(512, ' 445', 'Garchomp', '600', '108', '130', '95', '80', '85', '102'),
(513, ' 445', 'Garchomp', '700', '108', '170', '115', '120', '95', '92'),
(514, ' 446', 'Munchlax', '390', '135', '85', '40', '40', '85', '5'),
(515, ' 447', 'Riolu', '285', '40', '70', '40', '35', '40', '60'),
(516, ' 448', 'Lucario', '525', '70', '110', '70', '115', '70', '90'),
(517, ' 448', 'Lucario', '625', '70', '145', '88', '140', '70', '112'),
(518, ' 449', 'Hippopotas', '330', '68', '72', '78', '38', '42', '32'),
(519, ' 450', 'Hippowdon', '525', '108', '112', '118', '68', '72', '47'),
(520, ' 451', 'Skorupi', '330', '40', '50', '90', '30', '55', '65'),
(521, ' 452', 'Drapion', '500', '70', '90', '110', '60', '75', '95'),
(522, ' 453', 'Croagunk', '300', '48', '61', '40', '61', '40', '50'),
(523, ' 454', 'Toxicroak', '490', '83', '106', '65', '86', '65', '85'),
(524, ' 455', 'Carnivine', '454', '74', '100', '72', '90', '72', '46'),
(525, ' 456', 'Finneon', '330', '49', '49', '56', '49', '61', '66'),
(526, ' 457', 'Lumineon', '460', '69', '69', '76', '69', '86', '91'),
(527, ' 458', 'Mantyke', '345', '45', '20', '50', '60', '120', '50'),
(528, ' 459', 'Snover', '334', '60', '62', '50', '62', '60', '40'),
(529, ' 460', 'Abomasnow', '494', '90', '92', '75', '92', '85', '60'),
(530, ' 460', 'Abomasnow', '594', '90', '132', '105', '132', '105', '30'),
(531, ' 461', 'Weavile', '510', '70', '120', '65', '45', '85', '125'),
(532, ' 462', 'Magnezone', '535', '70', '70', '115', '130', '90', '60'),
(533, ' 463', 'Lickilicky', '515', '110', '85', '95', '80', '95', '50'),
(534, ' 464', 'Rhyperior', '535', '115', '140', '130', '55', '55', '40'),
(535, ' 465', 'Tangrowth', '535', '100', '100', '125', '110', '50', '50'),
(536, ' 466', 'Electivire', '540', '75', '123', '67', '95', '85', '95'),
(537, ' 467', 'Magmortar', '540', '75', '95', '67', '125', '95', '83'),
(538, ' 468', 'Togekiss', '545', '85', '50', '95', '120', '115', '80'),
(539, ' 469', 'Yanmega', '515', '86', '76', '86', '116', '56', '95'),
(540, ' 470', 'Leafeon', '525', '65', '110', '130', '60', '65', '95'),
(541, ' 471', 'Glaceon', '525', '65', '60', '110', '130', '95', '65'),
(542, ' 472', 'Gliscor', '510', '75', '95', '125', '45', '75', '95'),
(543, ' 473', 'Mamoswine', '530', '110', '130', '80', '70', '60', '80'),
(544, ' 474', 'Porygon-Z', '535', '85', '80', '70', '135', '75', '90'),
(545, ' 475', 'Gallade', '518', '68', '125', '65', '65', '115', '80'),
(546, ' 475', 'Gallade', '618', '68', '165', '95', '65', '115', '110'),
(547, ' 476', 'Probopass', '525', '60', '55', '145', '75', '150', '40'),
(548, ' 477', 'Dusknoir', '525', '45', '100', '135', '65', '135', '45'),
(549, ' 478', 'Froslass', '480', '70', '80', '70', '80', '70', '110'),
(550, ' 479', 'Rotom', '440', '50', '50', '77', '95', '77', '91'),
(551, ' 479', 'Rotom', '520', '50', '65', '107', '105', '107', '86'),
(552, ' 479', 'Rotom', '520', '50', '65', '107', '105', '107', '86'),
(553, ' 479', 'Rotom', '520', '50', '65', '107', '105', '107', '86'),
(554, ' 479', 'Rotom', '520', '50', '65', '107', '105', '107', '86'),
(555, ' 479', 'Rotom', '520', '50', '65', '107', '105', '107', '86'),
(556, ' 480', 'Uxie', '580', '75', '75', '130', '75', '130', '95'),
(557, ' 481', 'Mesprit', '580', '80', '105', '105', '105', '105', '80'),
(558, ' 482', 'Azelf', '580', '75', '125', '70', '125', '70', '115'),
(559, ' 483', 'Dialga', '680', '100', '120', '120', '150', '100', '90'),
(560, ' 484', 'Palkia', '680', '90', '120', '100', '150', '120', '100'),
(561, ' 485', 'Heatran', '600', '91', '90', '106', '130', '106', '77'),
(562, ' 486', 'Regigigas', '670', '110', '160', '110', '80', '110', '100'),
(563, ' 487', 'Giratina', '680', '150', '100', '120', '100', '120', '90'),
(564, ' 487', 'Giratina', '680', '150', '120', '100', '120', '100', '90'),
(565, ' 488', 'Cresselia', '600', '120', '70', '120', '75', '130', '85'),
(566, ' 489', 'Phione', '480', '80', '80', '80', '80', '80', '80'),
(567, ' 490', 'Manaphy', '600', '100', '100', '100', '100', '100', '100'),
(568, ' 491', 'Darkrai', '600', '70', '90', '90', '135', '90', '125'),
(569, ' 492', 'Shaymin', '600', '100', '100', '100', '100', '100', '100'),
(570, ' 492', 'Shaymin', '600', '100', '103', '75', '120', '75', '127'),
(571, ' 493', 'Arceus', '720', '120', '120', '120', '120', '120', '120'),
(572, ' 494', 'Victini', '600', '100', '100', '100', '100', '100', '100'),
(573, ' 495', 'Snivy', '308', '45', '45', '55', '45', '55', '63'),
(574, ' 496', 'Servine', '413', '60', '60', '75', '60', '75', '83'),
(575, ' 497', 'Serperior', '528', '75', '75', '95', '75', '95', '113'),
(576, ' 498', 'Tepig', '308', '65', '63', '45', '45', '45', '45'),
(577, ' 499', 'Pignite', '418', '90', '93', '55', '70', '55', '55'),
(578, ' 500', 'Emboar', '528', '110', '123', '65', '100', '65', '65'),
(579, ' 501', 'Oshawott', '308', '55', '55', '45', '63', '45', '45'),
(580, ' 502', 'Dewott', '413', '75', '75', '60', '83', '60', '60'),
(581, ' 503', 'Samurott', '528', '95', '100', '85', '108', '70', '70'),
(582, ' 504', 'Patrat', '255', '45', '55', '39', '35', '39', '42'),
(583, ' 505', 'Watchog', '420', '60', '85', '69', '60', '69', '77'),
(584, ' 506', 'Lillipup', '275', '45', '60', '45', '25', '45', '55'),
(585, ' 507', 'Herdier', '370', '65', '80', '65', '35', '65', '60'),
(586, ' 508', 'Stoutland', '500', '85', '110', '90', '45', '90', '80'),
(587, ' 509', 'Purrloin', '281', '41', '50', '37', '50', '37', '66'),
(588, ' 510', 'Liepard', '446', '64', '88', '50', '88', '50', '106'),
(589, ' 511', 'Pansage', '316', '50', '53', '48', '53', '48', '64'),
(590, ' 512', 'Simisage', '498', '75', '98', '63', '98', '63', '101'),
(591, ' 513', 'Pansear', '316', '50', '53', '48', '53', '48', '64'),
(592, ' 514', 'Simisear', '498', '75', '98', '63', '98', '63', '101'),
(593, ' 515', 'Panpour', '316', '50', '53', '48', '53', '48', '64'),
(594, ' 516', 'Simipour', '498', '75', '98', '63', '98', '63', '101'),
(595, ' 517', 'Munna', '292', '76', '25', '45', '67', '55', '24'),
(596, ' 518', 'Musharna', '487', '116', '55', '85', '107', '95', '29'),
(597, ' 519', 'Pidove', '264', '50', '55', '50', '36', '30', '43'),
(598, ' 520', 'Tranquill', '358', '62', '77', '62', '50', '42', '65'),
(599, ' 521', 'Unfezant', '488', '80', '115', '80', '65', '55', '93'),
(600, ' 522', 'Blitzle', '295', '45', '60', '32', '50', '32', '76'),
(601, ' 523', 'Zebstrika', '497', '75', '100', '63', '80', '63', '116'),
(602, ' 524', 'Roggenrola', '280', '55', '75', '85', '25', '25', '15'),
(603, ' 525', 'Boldore', '390', '70', '105', '105', '50', '40', '20'),
(604, ' 526', 'Gigalith', '515', '85', '135', '130', '60', '80', '25'),
(605, ' 527', 'Woobat', '323', '65', '45', '43', '55', '43', '72'),
(606, ' 528', 'Swoobat', '425', '67', '57', '55', '77', '55', '114'),
(607, ' 529', 'Drilbur', '328', '60', '85', '40', '30', '45', '68'),
(608, ' 530', 'Excadrill', '508', '110', '135', '60', '50', '65', '88'),
(609, ' 531', 'Audino', '445', '103', '60', '86', '60', '86', '50'),
(610, ' 531', 'Audino', '545', '103', '60', '126', '80', '126', '50'),
(611, ' 532', 'Timburr', '305', '75', '80', '55', '25', '35', '35'),
(612, ' 533', 'Gurdurr', '405', '85', '105', '85', '40', '50', '40'),
(613, ' 534', 'Conkeldurr', '505', '105', '140', '95', '55', '65', '45'),
(614, ' 535', 'Tympole', '294', '50', '50', '40', '50', '40', '64'),
(615, ' 536', 'Palpitoad', '384', '75', '65', '55', '65', '55', '69'),
(616, ' 537', 'Seismitoad', '509', '105', '95', '75', '85', '75', '74'),
(617, ' 538', 'Throh', '465', '120', '100', '85', '30', '85', '45'),
(618, ' 539', 'Sawk', '465', '75', '125', '75', '30', '75', '85'),
(619, ' 540', 'Sewaddle', '310', '45', '53', '70', '40', '60', '42'),
(620, ' 541', 'Swadloon', '380', '55', '63', '90', '50', '80', '42'),
(621, ' 542', 'Leavanny', '500', '75', '103', '80', '70', '80', '92'),
(622, ' 543', 'Venipede', '260', '30', '45', '59', '30', '39', '57'),
(623, ' 544', 'Whirlipede', '360', '40', '55', '99', '40', '79', '47'),
(624, ' 545', 'Scolipede', '485', '60', '100', '89', '55', '69', '112'),
(625, ' 546', 'Cottonee', '280', '40', '27', '60', '37', '50', '66'),
(626, ' 547', 'Whimsicott', '480', '60', '67', '85', '77', '75', '116'),
(627, ' 548', 'Petilil', '280', '45', '35', '50', '70', '50', '30'),
(628, ' 549', 'Lilligant', '480', '70', '60', '75', '110', '75', '90'),
(629, ' 550', 'Basculin', '460', '70', '92', '65', '80', '55', '98'),
(630, ' 551', 'Sandile', '292', '50', '72', '35', '35', '35', '65'),
(631, ' 552', 'Krokorok', '351', '60', '82', '45', '45', '45', '74'),
(632, ' 553', 'Krookodile', '519', '95', '117', '80', '65', '70', '92'),
(633, ' 554', 'Darumaka', '315', '70', '90', '45', '15', '45', '50'),
(634, ' 555', 'Darmanitan', '480', '105', '140', '55', '30', '55', '95'),
(635, ' 555', 'Darmanitan', '540', '105', '30', '105', '140', '105', '55'),
(636, ' 556', 'Maractus', '461', '75', '86', '67', '106', '67', '60'),
(637, ' 557', 'Dwebble', '325', '50', '65', '85', '35', '35', '55'),
(638, ' 558', 'Crustle', '485', '70', '105', '125', '65', '75', '45'),
(639, ' 559', 'Scraggy', '348', '50', '75', '70', '35', '70', '48'),
(640, ' 560', 'Scrafty', '488', '65', '90', '115', '45', '115', '58'),
(641, ' 561', 'Sigilyph', '490', '72', '58', '80', '103', '80', '97'),
(642, ' 562', 'Yamask', '303', '38', '30', '85', '55', '65', '30'),
(643, ' 563', 'Cofagrigus', '483', '58', '50', '145', '95', '105', '30'),
(644, ' 564', 'Tirtouga', '355', '54', '78', '103', '53', '45', '22'),
(645, ' 565', 'Carracosta', '495', '74', '108', '133', '83', '65', '32'),
(646, ' 566', 'Archen', '401', '55', '112', '45', '74', '45', '70'),
(647, ' 567', 'Archeops', '567', '75', '140', '65', '112', '65', '110'),
(648, ' 568', 'Trubbish', '329', '50', '50', '62', '40', '62', '65'),
(649, ' 569', 'Garbodor', '474', '80', '95', '82', '60', '82', '75'),
(650, ' 570', 'Zorua', '330', '40', '65', '40', '80', '40', '65'),
(651, ' 571', 'Zoroark', '510', '60', '105', '60', '120', '60', '105'),
(652, ' 572', 'Minccino', '300', '55', '50', '40', '40', '40', '75'),
(653, ' 573', 'Cinccino', '470', '75', '95', '60', '65', '60', '115'),
(654, ' 574', 'Gothita', '290', '45', '30', '50', '55', '65', '45'),
(655, ' 575', 'Gothorita', '390', '60', '45', '70', '75', '85', '55'),
(656, ' 576', 'Gothitelle', '490', '70', '55', '95', '95', '110', '65'),
(657, ' 577', 'Solosis', '290', '45', '30', '40', '105', '50', '20'),
(658, ' 578', 'Duosion', '370', '65', '40', '50', '125', '60', '30'),
(659, ' 579', 'Reuniclus', '490', '110', '65', '75', '125', '85', '30'),
(660, ' 580', 'Ducklett', '305', '62', '44', '50', '44', '50', '55'),
(661, ' 581', 'Swanna', '473', '75', '87', '63', '87', '63', '98'),
(662, ' 582', 'Vanillite', '305', '36', '50', '50', '65', '60', '44'),
(663, ' 583', 'Vanillish', '395', '51', '65', '65', '80', '75', '59'),
(664, ' 584', 'Vanilluxe', '535', '71', '95', '85', '110', '95', '79'),
(665, ' 585', 'Deerling', '335', '60', '60', '50', '40', '50', '75'),
(666, ' 586', 'Sawsbuck', '475', '80', '100', '70', '60', '70', '95'),
(667, ' 587', 'Emolga', '428', '55', '75', '60', '75', '60', '103'),
(668, ' 588', 'Karrablast', '315', '50', '75', '45', '40', '45', '60'),
(669, ' 589', 'Escavalier', '495', '70', '135', '105', '60', '105', '20'),
(670, ' 590', 'Foongus', '294', '69', '55', '45', '55', '55', '15'),
(671, ' 591', 'Amoonguss', '464', '114', '85', '70', '85', '80', '30'),
(672, ' 592', 'Frillish', '335', '55', '40', '50', '65', '85', '40'),
(673, ' 593', 'Jellicent', '480', '100', '60', '70', '85', '105', '60'),
(674, ' 594', 'Alomomola', '470', '165', '75', '80', '40', '45', '65'),
(675, ' 595', 'Joltik', '319', '50', '47', '50', '57', '50', '65'),
(676, ' 596', 'Galvantula', '472', '70', '77', '60', '97', '60', '108'),
(677, ' 597', 'Ferroseed', '305', '44', '50', '91', '24', '86', '10'),
(678, ' 598', 'Ferrothorn', '489', '74', '94', '131', '54', '116', '20'),
(679, ' 599', 'Klink', '300', '40', '55', '70', '45', '60', '30'),
(680, ' 600', 'Klang', '440', '60', '80', '95', '70', '85', '50'),
(681, ' 601', 'Klinklang', '520', '60', '100', '115', '70', '85', '90'),
(682, ' 602', 'Tynamo', '275', '35', '55', '40', '45', '40', '60'),
(683, ' 603', 'Eelektrik', '405', '65', '85', '70', '75', '70', '40'),
(684, ' 604', 'Eelektross', '515', '85', '115', '80', '105', '80', '50'),
(685, ' 605', 'Elgyem', '335', '55', '55', '55', '85', '55', '30'),
(686, ' 606', 'Beheeyem', '485', '75', '75', '75', '125', '95', '40'),
(687, ' 607', 'Litwick', '275', '50', '30', '55', '65', '55', '20'),
(688, ' 608', 'Lampent', '370', '60', '40', '60', '95', '60', '55'),
(689, ' 609', 'Chandelure', '520', '60', '55', '90', '145', '90', '80'),
(690, ' 610', 'Axew', '320', '46', '87', '60', '30', '40', '57'),
(691, ' 611', 'Fraxure', '410', '66', '117', '70', '40', '50', '67'),
(692, ' 612', 'Haxorus', '540', '76', '147', '90', '60', '70', '97'),
(693, ' 613', 'Cubchoo', '305', '55', '70', '40', '60', '40', '40'),
(694, ' 614', 'Beartic', '505', '95', '130', '80', '70', '80', '50'),
(695, ' 615', 'Cryogonal', '515', '80', '50', '50', '95', '135', '105'),
(696, ' 616', 'Shelmet', '305', '50', '40', '85', '40', '65', '25'),
(697, ' 617', 'Accelgor', '495', '80', '70', '40', '100', '60', '145'),
(698, ' 618', 'Stunfisk', '471', '109', '66', '84', '81', '99', '32'),
(699, ' 619', 'Mienfoo', '350', '45', '85', '50', '55', '50', '65'),
(700, ' 620', 'Mienshao', '510', '65', '125', '60', '95', '60', '105'),
(701, ' 621', 'Druddigon', '485', '77', '120', '90', '60', '90', '48'),
(702, ' 622', 'Golett', '303', '59', '74', '50', '35', '50', '35'),
(703, ' 623', 'Golurk', '483', '89', '124', '80', '55', '80', '55'),
(704, ' 624', 'Pawniard', '340', '45', '85', '70', '40', '40', '60'),
(705, ' 625', 'Bisharp', '490', '65', '125', '100', '60', '70', '70'),
(706, ' 626', 'Bouffalant', '490', '95', '110', '95', '40', '95', '55'),
(707, ' 627', 'Rufflet', '350', '70', '83', '50', '37', '50', '60'),
(708, ' 628', 'Braviary', '510', '100', '123', '75', '57', '75', '80'),
(709, ' 629', 'Vullaby', '370', '70', '55', '75', '45', '65', '60'),
(710, ' 630', 'Mandibuzz', '510', '110', '65', '105', '55', '95', '80'),
(711, ' 631', 'Heatmor', '484', '85', '97', '66', '105', '66', '65'),
(712, ' 632', 'Durant', '484', '58', '109', '112', '48', '48', '109'),
(713, ' 633', 'Deino', '300', '52', '65', '50', '45', '50', '38'),
(714, ' 634', 'Zweilous', '420', '72', '85', '70', '65', '70', '58'),
(715, ' 635', 'Hydreigon', '600', '92', '105', '90', '125', '90', '98'),
(716, ' 636', 'Larvesta', '360', '55', '85', '55', '50', '55', '60'),
(717, ' 637', 'Volcarona', '550', '85', '60', '65', '135', '105', '100'),
(718, ' 638', 'Cobalion', '580', '91', '90', '129', '90', '72', '108'),
(719, ' 639', 'Terrakion', '580', '91', '129', '90', '72', '90', '108'),
(720, ' 640', 'Virizion', '580', '91', '90', '72', '90', '129', '108'),
(721, ' 641', 'Tornadus', '580', '79', '115', '70', '125', '80', '111'),
(722, ' 641', 'Tornadus', '580', '79', '100', '80', '110', '90', '121'),
(723, ' 642', 'Thundurus', '580', '79', '115', '70', '125', '80', '111'),
(724, ' 642', 'Thundurus', '580', '79', '105', '70', '145', '80', '101'),
(725, ' 643', 'Reshiram', '680', '100', '120', '100', '150', '120', '90'),
(726, ' 644', 'Zekrom', '680', '100', '150', '120', '120', '100', '90'),
(727, ' 645', 'Landorus', '600', '89', '125', '90', '115', '80', '101'),
(728, ' 645', 'Landorus', '600', '89', '145', '90', '105', '80', '91'),
(729, ' 646', 'Kyurem', '660', '125', '130', '90', '130', '90', '95');
INSERT INTO `pokemon` (`id`, `ref`, `nom`, `total`, `hp`, `attack`, `defense`, `sp_atk`, `sp_def`, `speed`) VALUES
(730, ' 646', 'Kyurem', '700', '125', '170', '100', '120', '90', '95'),
(731, ' 646', 'Kyurem', '700', '125', '120', '90', '170', '100', '95'),
(732, ' 647', 'Keldeo', '580', '91', '72', '90', '129', '90', '108'),
(733, ' 647', 'Keldeo', '580', '91', '72', '90', '129', '90', '108'),
(734, ' 648', 'Meloetta', '600', '100', '77', '77', '128', '128', '90'),
(735, ' 648', 'Meloetta', '600', '100', '128', '90', '77', '77', '128'),
(736, ' 649', 'Genesect', '600', '71', '120', '95', '120', '95', '99'),
(737, ' 650', 'Chespin', '313', '56', '61', '65', '48', '45', '38'),
(738, ' 651', 'Quilladin', '405', '61', '78', '95', '56', '58', '57'),
(739, ' 652', 'Chesnaught', '530', '88', '107', '122', '74', '75', '64'),
(740, ' 653', 'Fennekin', '307', '40', '45', '40', '62', '60', '60'),
(741, ' 654', 'Braixen', '409', '59', '59', '58', '90', '70', '73'),
(742, ' 655', 'Delphox', '534', '75', '69', '72', '114', '100', '104'),
(743, ' 656', 'Froakie', '314', '41', '56', '40', '62', '44', '71'),
(744, ' 657', 'Frogadier', '405', '54', '63', '52', '83', '56', '97'),
(745, ' 658', 'Greninja', '530', '72', '95', '67', '103', '71', '122'),
(746, ' 658', 'Greninja', '640', '72', '145', '67', '153', '71', '132'),
(747, ' 659', 'Bunnelby', '237', '38', '36', '38', '32', '36', '57'),
(748, ' 660', 'Diggersby', '423', '85', '56', '77', '50', '77', '78'),
(749, ' 661', 'Fletchling', '278', '45', '50', '43', '40', '38', '62'),
(750, ' 662', 'Fletchinder', '382', '62', '73', '55', '56', '52', '84'),
(751, ' 663', 'Talonflame', '499', '78', '81', '71', '74', '69', '126'),
(752, ' 664', 'Scatterbug', '200', '38', '35', '40', '27', '25', '35'),
(753, ' 665', 'Spewpa', '213', '45', '22', '60', '27', '30', '29'),
(754, ' 666', 'Vivillon', '411', '80', '52', '50', '90', '50', '89'),
(755, ' 667', 'Litleo', '369', '62', '50', '58', '73', '54', '72'),
(756, ' 668', 'Pyroar', '507', '86', '68', '72', '109', '66', '106'),
(757, ' 669', 'Flab\\xc3\\xa9b\\xc3\\xa9', '303', '44', '38', '39', '61', '79', '42'),
(758, ' 670', 'Floette', '371', '54', '45', '47', '75', '98', '52'),
(759, ' 671', 'Florges', '552', '78', '65', '68', '112', '154', '75'),
(760, ' 672', 'Skiddo', '350', '66', '65', '48', '62', '57', '52'),
(761, ' 673', 'Gogoat', '531', '123', '100', '62', '97', '81', '68'),
(762, ' 674', 'Pancham', '348', '67', '82', '62', '46', '48', '43'),
(763, ' 675', 'Pangoro', '495', '95', '124', '78', '69', '71', '58'),
(764, ' 676', 'Furfrou', '472', '75', '80', '60', '65', '90', '102'),
(765, ' 677', 'Espurr', '355', '62', '48', '54', '63', '60', '68'),
(766, ' 678', 'Meowstic', '466', '74', '48', '76', '83', '81', '104'),
(767, ' 678', 'Meowstic', '466', '74', '48', '76', '83', '81', '104'),
(768, ' 679', 'Honedge', '325', '45', '80', '100', '35', '37', '28'),
(769, ' 680', 'Doublade', '448', '59', '110', '150', '45', '49', '35'),
(770, ' 681', 'Aegislash', '520', '60', '150', '50', '150', '50', '60'),
(771, ' 681', 'Aegislash', '520', '60', '50', '150', '50', '150', '60'),
(772, ' 682', 'Spritzee', '341', '78', '52', '60', '63', '65', '23'),
(773, ' 683', 'Aromatisse', '462', '101', '72', '72', '99', '89', '29'),
(774, ' 684', 'Swirlix', '341', '62', '48', '66', '59', '57', '49'),
(775, ' 685', 'Slurpuff', '480', '82', '80', '86', '85', '75', '72'),
(776, ' 686', 'Inkay', '288', '53', '54', '53', '37', '46', '45'),
(777, ' 687', 'Malamar', '482', '86', '92', '88', '68', '75', '73'),
(778, ' 688', 'Binacle', '306', '42', '52', '67', '39', '56', '50'),
(779, ' 689', 'Barbaracle', '500', '72', '105', '115', '54', '86', '68'),
(780, ' 690', 'Skrelp', '320', '50', '60', '60', '60', '60', '30'),
(781, ' 691', 'Dragalge', '494', '65', '75', '90', '97', '123', '44'),
(782, ' 692', 'Clauncher', '330', '50', '53', '62', '58', '63', '44'),
(783, ' 693', 'Clawitzer', '500', '71', '73', '88', '120', '89', '59'),
(784, ' 694', 'Helioptile', '289', '44', '38', '33', '61', '43', '70'),
(785, ' 695', 'Heliolisk', '481', '62', '55', '52', '109', '94', '109'),
(786, ' 696', 'Tyrunt', '362', '58', '89', '77', '45', '45', '48'),
(787, ' 697', 'Tyrantrum', '521', '82', '121', '119', '69', '59', '71'),
(788, ' 698', 'Amaura', '362', '77', '59', '50', '67', '63', '46'),
(789, ' 699', 'Aurorus', '521', '123', '77', '72', '99', '92', '58'),
(790, ' 700', 'Sylveon', '525', '95', '65', '65', '110', '130', '60'),
(791, ' 701', 'Hawlucha', '500', '78', '92', '75', '74', '63', '118'),
(792, ' 702', 'Dedenne', '431', '67', '58', '57', '81', '67', '101'),
(793, ' 703', 'Carbink', '500', '50', '50', '150', '50', '150', '50'),
(794, ' 704', 'Goomy', '300', '45', '50', '35', '55', '75', '40'),
(795, ' 705', 'Sliggoo', '452', '68', '75', '53', '83', '113', '60'),
(796, ' 706', 'Goodra', '600', '90', '100', '70', '110', '150', '80'),
(797, ' 707', 'Klefki', '470', '57', '80', '91', '80', '87', '75'),
(798, ' 708', 'Phantump', '309', '43', '70', '48', '50', '60', '38'),
(799, ' 709', 'Trevenant', '474', '85', '110', '76', '65', '82', '56'),
(800, ' 710', 'Pumpkaboo', '335', '49', '66', '70', '44', '55', '51'),
(801, ' 710', 'Pumpkaboo', '335', '44', '66', '70', '44', '55', '56'),
(802, ' 710', 'Pumpkaboo', '335', '54', '66', '70', '44', '55', '46'),
(803, ' 710', 'Pumpkaboo', '335', '59', '66', '70', '44', '55', '41'),
(804, ' 711', 'Gourgeist', '494', '65', '90', '122', '58', '75', '84'),
(805, ' 711', 'Gourgeist', '494', '55', '85', '122', '58', '75', '99'),
(806, ' 711', 'Gourgeist', '494', '75', '95', '122', '58', '75', '69'),
(807, ' 711', 'Gourgeist', '494', '85', '100', '122', '58', '75', '54'),
(808, ' 712', 'Bergmite', '304', '55', '69', '85', '32', '35', '28'),
(809, ' 713', 'Avalugg', '514', '95', '117', '184', '44', '46', '28'),
(810, ' 714', 'Noibat', '245', '40', '30', '35', '45', '40', '55'),
(811, ' 715', 'Noivern', '535', '85', '70', '80', '97', '80', '123'),
(812, ' 716', 'Xerneas', '680', '126', '131', '95', '131', '98', '99'),
(813, ' 717', 'Yveltal', '680', '126', '131', '95', '131', '98', '99'),
(814, ' 718', 'Zygarde', '600', '108', '100', '121', '81', '95', '95'),
(815, ' 718', 'Zygarde', '486', '54', '100', '71', '61', '85', '115'),
(816, ' 718', 'Zygarde', '708', '216', '100', '121', '91', '95', '85'),
(817, ' 719', 'Diancie', '600', '50', '100', '150', '100', '150', '50'),
(818, ' 719', 'Diancie', '700', '50', '160', '110', '160', '110', '110'),
(819, ' 720', 'Hoopa', '600', '80', '110', '60', '150', '130', '70'),
(820, ' 720', 'Hoopa', '680', '80', '160', '60', '170', '130', '80'),
(821, ' 721', 'Volcanion', '600', '80', '110', '120', '130', '90', '70'),
(822, ' 722', 'Rowlet', '320', '68', '55', '55', '50', '50', '42'),
(823, ' 723', 'Dartrix', '420', '78', '75', '75', '70', '70', '52'),
(824, ' 724', 'Decidueye', '530', '78', '107', '75', '100', '100', '70'),
(825, ' 725', 'Litten', '320', '45', '65', '40', '60', '40', '70'),
(826, ' 726', 'Torracat', '420', '65', '85', '50', '80', '50', '90'),
(827, ' 727', 'Incineroar', '530', '95', '115', '90', '80', '90', '60'),
(828, ' 728', 'Popplio', '320', '50', '54', '54', '66', '56', '40'),
(829, ' 729', 'Brionne', '420', '60', '69', '69', '91', '81', '50'),
(830, ' 730', 'Primarina', '530', '80', '74', '74', '126', '116', '60'),
(831, ' 731', 'Pikipek', '265', '35', '75', '30', '30', '30', '65'),
(832, ' 732', 'Trumbeak', '355', '55', '85', '50', '40', '50', '75'),
(833, ' 733', 'Toucannon', '485', '80', '120', '75', '75', '75', '60'),
(834, ' 734', 'Yungoos', '253', '48', '70', '30', '30', '30', '45'),
(835, ' 735', 'Gumshoos', '418', '88', '110', '60', '55', '60', '45'),
(836, ' 736', 'Grubbin', '300', '47', '62', '45', '55', '45', '46'),
(837, ' 737', 'Charjabug', '400', '57', '82', '95', '55', '75', '36'),
(838, ' 738', 'Vikavolt', '500', '77', '70', '90', '145', '75', '43'),
(839, ' 739', 'Crabrawler', '338', '47', '82', '57', '42', '47', '63'),
(840, ' 740', 'Crabominable', '478', '97', '132', '77', '62', '67', '43'),
(841, ' 741', 'Oricorio', '476', '75', '70', '70', '98', '70', '93'),
(842, ' 741', 'Oricorio', '476', '75', '70', '70', '98', '70', '93'),
(843, ' 741', 'Oricorio', '476', '75', '70', '70', '98', '70', '93'),
(844, ' 741', 'Oricorio', '476', '75', '70', '70', '98', '70', '93'),
(845, ' 742', 'Cutiefly', '304', '40', '45', '40', '55', '40', '84'),
(846, ' 743', 'Ribombee', '464', '60', '55', '60', '95', '70', '124'),
(847, ' 744', 'Rockruff', '280', '45', '65', '40', '30', '40', '60'),
(848, ' 745', 'Lycanroc', '487', '75', '115', '65', '55', '65', '112'),
(849, ' 745', 'Lycanroc', '487', '85', '115', '75', '55', '75', '82'),
(850, ' 745', 'Lycanroc', '487', '75', '117', '65', '55', '65', '110'),
(851, ' 746', 'Wishiwashi', '175', '45', '20', '20', '25', '25', '40'),
(852, ' 746', 'Wishiwashi', '620', '45', '140', '130', '140', '135', '30'),
(853, ' 747', 'Mareanie', '305', '50', '53', '62', '43', '52', '45'),
(854, ' 748', 'Toxapex', '495', '50', '63', '152', '53', '142', '35'),
(855, ' 749', 'Mudbray', '385', '70', '100', '70', '45', '55', '45'),
(856, ' 750', 'Mudsdale', '500', '100', '125', '100', '55', '85', '35'),
(857, ' 751', 'Dewpider', '269', '38', '40', '52', '40', '72', '27'),
(858, ' 752', 'Araquanid', '454', '68', '70', '92', '50', '132', '42'),
(859, ' 753', 'Fomantis', '250', '40', '55', '35', '50', '35', '35'),
(860, ' 754', 'Lurantis', '480', '70', '105', '90', '80', '90', '45'),
(861, ' 755', 'Morelull', '285', '40', '35', '55', '65', '75', '15'),
(862, ' 756', 'Shiinotic', '405', '60', '45', '80', '90', '100', '30'),
(863, ' 757', 'Salandit', '320', '48', '44', '40', '71', '40', '77'),
(864, ' 758', 'Salazzle', '480', '68', '64', '60', '111', '60', '117'),
(865, ' 759', 'Stufful', '340', '70', '75', '50', '45', '50', '50'),
(866, ' 760', 'Bewear', '500', '120', '125', '80', '55', '60', '60'),
(867, ' 761', 'Bounsweet', '210', '42', '30', '38', '30', '38', '32'),
(868, ' 762', 'Steenee', '290', '52', '40', '48', '40', '48', '62'),
(869, ' 763', 'Tsareena', '510', '72', '120', '98', '50', '98', '72'),
(870, ' 764', 'Comfey', '485', '51', '52', '90', '82', '110', '100'),
(871, ' 765', 'Oranguru', '490', '90', '60', '80', '90', '110', '60'),
(872, ' 766', 'Passimian', '490', '100', '120', '90', '40', '60', '80'),
(873, ' 767', 'Wimpod', '230', '25', '35', '40', '20', '30', '80'),
(874, ' 768', 'Golisopod', '530', '75', '125', '140', '60', '90', '40'),
(875, ' 769', 'Sandygast', '320', '55', '55', '80', '70', '45', '15'),
(876, ' 770', 'Palossand', '480', '85', '75', '110', '100', '75', '35'),
(877, ' 771', 'Pyukumuku', '410', '55', '60', '130', '30', '130', '5'),
(878, ' 772', 'Type: Null', '534', '95', '95', '95', '95', '95', '59'),
(879, ' 773', 'Silvally', '570', '95', '95', '95', '95', '95', '95'),
(880, ' 774', 'Minior', '440', '60', '60', '100', '60', '100', '60'),
(881, ' 774', 'Minior', '500', '60', '100', '60', '100', '60', '120'),
(882, ' 775', 'Komala', '480', '65', '115', '65', '75', '95', '65'),
(883, ' 776', 'Turtonator', '485', '60', '78', '135', '91', '85', '36'),
(884, ' 777', 'Togedemaru', '435', '65', '98', '63', '40', '73', '96'),
(885, ' 778', 'Mimikyu', '476', '55', '90', '80', '50', '105', '96'),
(886, ' 779', 'Bruxish', '475', '68', '105', '70', '70', '70', '92'),
(887, ' 780', 'Drampa', '485', '78', '60', '85', '135', '91', '36'),
(888, ' 781', 'Dhelmise', '517', '70', '131', '100', '86', '90', '40'),
(889, ' 782', 'Jangmo-o', '300', '45', '55', '65', '45', '45', '45'),
(890, ' 783', 'Hakamo-o', '420', '55', '75', '90', '65', '70', '65'),
(891, ' 784', 'Kommo-o', '600', '75', '110', '125', '100', '105', '85'),
(892, ' 785', 'Tapu Koko', '570', '70', '115', '85', '95', '75', '130'),
(893, ' 786', 'Tapu Lele', '570', '70', '85', '75', '130', '115', '95'),
(894, ' 787', 'Tapu Bulu', '570', '70', '130', '115', '85', '95', '75'),
(895, ' 788', 'Tapu Fini', '570', '70', '75', '115', '95', '130', '85'),
(896, ' 789', 'Cosmog', '200', '43', '29', '31', '29', '31', '37'),
(897, ' 790', 'Cosmoem', '400', '43', '29', '131', '29', '131', '37'),
(898, ' 791', 'Solgaleo', '680', '137', '137', '107', '113', '89', '97'),
(899, ' 792', 'Lunala', '680', '137', '113', '89', '137', '107', '97'),
(900, ' 793', 'Nihilego', '570', '109', '53', '47', '127', '131', '103'),
(901, ' 794', 'Buzzwole', '570', '107', '139', '139', '53', '53', '79'),
(902, ' 795', 'Pheromosa', '570', '71', '137', '37', '137', '37', '151'),
(903, ' 796', 'Xurkitree', '570', '83', '89', '71', '173', '71', '83'),
(904, ' 797', 'Celesteela', '570', '97', '101', '103', '107', '101', '61'),
(905, ' 798', 'Kartana', '570', '59', '181', '131', '59', '31', '109'),
(906, ' 799', 'Guzzlord', '570', '223', '101', '53', '97', '53', '43'),
(907, ' 800', 'Necrozma', '600', '97', '107', '101', '127', '89', '79'),
(908, ' 800', 'Necrozma', '680', '97', '157', '127', '113', '109', '77'),
(909, ' 800', 'Necrozma', '680', '97', '113', '109', '157', '127', '77'),
(910, ' 800', 'Necrozma', '754', '97', '167', '97', '167', '97', '129'),
(911, ' 801', 'Magearna', '600', '80', '95', '115', '130', '115', '65'),
(912, ' 802', 'Marshadow', '600', '90', '125', '80', '90', '90', '125'),
(913, ' 803', 'Poipole', '420', '67', '73', '67', '73', '67', '73'),
(914, ' 804', 'Naganadel', '540', '73', '73', '73', '127', '73', '121'),
(915, ' 805', 'Stakataka', '570', '61', '131', '211', '53', '101', '13'),
(916, ' 806', 'Blacephalon', '570', '53', '127', '53', '151', '79', '107'),
(917, ' 807', 'Zeraora', '600', '88', '112', '75', '102', '80', '143');

-- --------------------------------------------------------

--
-- Structure de la table `pokemon_transformations`
--

CREATE TABLE `pokemon_transformations` (
  `id` int(11) NOT NULL,
  `pokemon_id` int(11) NOT NULL,
  `transformation_id` int(11) NOT NULL
) ENGINE=InnoDB DEFAULT CHARSET=utf8 COLLATE=utf8_bin;

-- --------------------------------------------------------

--
-- Structure de la table `pokemon_types`
--

CREATE TABLE `pokemon_types` (
  `id` int(11) NOT NULL,
  `pokemon_id` int(11) NOT NULL,
  `type_id` int(11) NOT NULL
) ENGINE=InnoDB AUTO_INCREMENT=19 DEFAULT CHARSET=utf8 COLLATE=utf8_bin;

--
-- Contenu de la table `pokemon_types`
--

INSERT INTO `pokemon_types` (`id`, `pokemon_id`, `type_id`) VALUES
(1, 1, 1),
(2, 1, 2),
(3, 5, 3),
(4, 7, 4),
(5, 8, 5),
(6, 10, 6),
(7, 14, 7),
(8, 21, 8),
(9, 26, 9),
(10, 33, 10),
(11, 35, 11),
(12, 36, 12),
(13, 37, 13),
(14, 37, 14),
(15, 46, 15),
(16, 73, 16),
(17, 92, 17),
(18, 116, 18);

-- --------------------------------------------------------

--
-- Structure de la table `transformation`
--

CREATE TABLE `transformation` (
  `id` int(11) NOT NULL,
  `nom_transformation` varchar(255) COLLATE utf8_bin DEFAULT NULL
) ENGINE=InnoDB DEFAULT CHARSET=utf8 COLLATE=utf8_bin;

-- --------------------------------------------------------

--
-- Structure de la table `type`
--

CREATE TABLE `type` (
  `id` int(11) NOT NULL,
  `nom` varchar(255) COLLATE utf8_bin DEFAULT NULL
) ENGINE=InnoDB AUTO_INCREMENT=19 DEFAULT CHARSET=utf8 COLLATE=utf8_bin;

--
-- Contenu de la table `type`
--

INSERT INTO `type` (`id`, `nom`) VALUES
(1, 'Grass'),
(2, 'Poison'),
(3, 'Fire'),
(4, 'Flying'),
(5, 'Dragon'),
(6, 'Water'),
(7, 'Bug'),
(8, 'Normal'),
(9, 'Dark'),
(10, 'Electric'),
(11, 'Psychic'),
(12, 'Ground'),
(13, 'Ice'),
(14, 'Steel'),
(15, 'Fairy'),
(16, 'Fighting'),
(17, 'Rock'),
(18, 'Ghost');

--
-- Index pour les tables exportées
--

--
-- Index pour la table `pokemon`
--
ALTER TABLE `pokemon`
  ADD PRIMARY KEY (`id`);

--
-- Index pour la table `pokemon_transformations`
--
ALTER TABLE `pokemon_transformations`
  ADD PRIMARY KEY (`id`),
  ADD KEY `pokemon_id` (`pokemon_id`),
  ADD KEY `transformation_id` (`transformation_id`);

--
-- Index pour la table `pokemon_types`
--
ALTER TABLE `pokemon_types`
  ADD PRIMARY KEY (`id`),
  ADD KEY `pokemon_id` (`pokemon_id`),
  ADD KEY `type_id` (`type_id`);

--
-- Index pour la table `transformation`
--
ALTER TABLE `transformation`
  ADD PRIMARY KEY (`id`);

--
-- Index pour la table `type`
--
ALTER TABLE `type`
  ADD PRIMARY KEY (`id`);

--
-- AUTO_INCREMENT pour les tables exportées
--

--
-- AUTO_INCREMENT pour la table `pokemon`
--
ALTER TABLE `pokemon`
  MODIFY `id` int(11) NOT NULL AUTO_INCREMENT,AUTO_INCREMENT=919;
--
-- AUTO_INCREMENT pour la table `pokemon_transformations`
--
ALTER TABLE `pokemon_transformations`
  MODIFY `id` int(11) NOT NULL AUTO_INCREMENT;
--
-- AUTO_INCREMENT pour la table `pokemon_types`
--
ALTER TABLE `pokemon_types`
  MODIFY `id` int(11) NOT NULL AUTO_INCREMENT,AUTO_INCREMENT=19;
--
-- AUTO_INCREMENT pour la table `transformation`
--
ALTER TABLE `transformation`
  MODIFY `id` int(11) NOT NULL AUTO_INCREMENT;
--
-- AUTO_INCREMENT pour la table `type`
--
ALTER TABLE `type`
  MODIFY `id` int(11) NOT NULL AUTO_INCREMENT,AUTO_INCREMENT=19;
--
-- Contraintes pour les tables exportées
--

--
-- Contraintes pour la table `pokemon_transformations`
--
ALTER TABLE `pokemon_transformations`
  ADD CONSTRAINT `pokemon_transformations_ibfk_1` FOREIGN KEY (`pokemon_id`) REFERENCES `pokemon` (`id`),
  ADD CONSTRAINT `pokemon_transformations_ibfk_2` FOREIGN KEY (`transformation_id`) REFERENCES `transformation` (`id`);

--
-- Contraintes pour la table `pokemon_types`
--
ALTER TABLE `pokemon_types`
  ADD CONSTRAINT `pokemon_types_ibfk_1` FOREIGN KEY (`pokemon_id`) REFERENCES `pokemon` (`id`),
  ADD CONSTRAINT `pokemon_types_ibfk_2` FOREIGN KEY (`type_id`) REFERENCES `type` (`id`);

/*!40101 SET CHARACTER_SET_CLIENT=@OLD_CHARACTER_SET_CLIENT */;
/*!40101 SET CHARACTER_SET_RESULTS=@OLD_CHARACTER_SET_RESULTS */;
/*!40101 SET COLLATION_CONNECTION=@OLD_COLLATION_CONNECTION */;
